topic,difficulty,type,question_text,option_a,option_b,option_c,option_d,correct_option,xp_reward
Movimiento,Fácil,Conceptual,"¿Qué se entiende por movimiento en Física?","El cambio de posición de un cuerpo respecto a un punto de referencia a través del tiempo.","La cantidad de materia que posee un cuerpo.","La fuerza que mantiene unido un cuerpo.","La temperatura de un objeto.",a,10
Movimiento,Fácil,Conceptual,"¿Qué elemento permite determinar si un objeto ha cambiado de posición?","La masa.","El punto de referencia.","La temperatura.","La densidad.",b,10
Movimiento,Medio,Aplicación,"Un estudiante observa que un automóvil cambia de posición respecto a un árbol ubicado al costado de la carretera. ¿Qué puede afirmar?","El automóvil está en reposo respecto al árbol.","El automóvil está en movimiento respecto al árbol.","El árbol está necesariamente en movimiento.","El automóvil no tiene velocidad.",b,15
Movimiento,Medio,Análisis,"¿Por qué el movimiento depende del sistema de referencia?","Porque la masa del objeto cambia.","Porque la posición de un objeto puede considerarse diferente según el punto de referencia utilizado.","Porque todos los objetos tienen la misma velocidad.","Porque el tiempo depende de la masa.",b,15
MRU,Fácil,Conceptual,"¿Cuál de las siguientes características corresponde al Movimiento Rectilíneo Uniforme (MRU)?","Trayectoria circular y velocidad variable.","Trayectoria rectilínea y velocidad constante.","Trayectoria parabólica y aceleración constante.","Trayectoria rectilínea y aceleración variable.",b,10
MRU,Fácil,Cálculo,"Un automóvil se desplaza con una velocidad constante de 20 m/s durante 5 segundos. ¿Qué distancia recorre?","4 m","25 m","100 m","200 m",c,10
MRU,Medio,Cálculo,"Un ciclista recorre 150 metros en 10 segundos manteniendo una velocidad constante. ¿Cuál es su velocidad?","10 m/s","15 m/s","150 m/s","160 m/s",b,15
MRUV,Fácil,Conceptual,"¿Qué característica principal presenta el Movimiento Rectilíneo Uniformemente Variado (MRUV)?","Su velocidad permanece siempre constante.","Su aceleración es constante.","No existe desplazamiento.","Su trayectoria siempre es circular.",b,10
MRUV,Medio,Cálculo,"Un automóvil parte del reposo y acelera constantemente a 2 m/s² durante 5 segundos. ¿Cuál será su velocidad final?","2 m/s","5 m/s","7 m/s","10 m/s",d,15
MRUV,Difícil,Problema,"Un automóvil tiene una velocidad inicial de 10 m/s y acelera constantemente a 2 m/s² durante 5 segundos. ¿Qué distancia recorre durante ese tiempo?","50 m","60 m","75 m","100 m",c,20